{
  "profile_id": "fc48c70d-e100-4a44-80ac-7aa292e1e60b",
  "profile_name": "Female Voice A1",
  "timestamp": "2026-03-12T04:58:30.912917+00:00",
  "audio_duration": 6.478,
  "sample_rate": 22050,
  "pitch": {
    "mean": 198.584,
    "std": 6.869,
    "min": 188.882,
    "max": 220.75,
    "voiced_ratio": 0.7928
  },
  "formants": {
    "F1": 770.1530058521149,
    "F2": 1922.378838169721,
    "F3": 3155.9880687177897,
    "F4": 3973.6942583705268,
    "F5": 4849.093061764711
  },
  "spectral": {
    "centroid_mean": 2939.7157171748045,
    "centroid_std": 939.031224326878,
    "rolloff_mean": 6350.833740234375,
    "rolloff_std": 1715.132137619353,
    "contrast_mean": [
      22.976624973398682,
      26.530787963048976,
      24.438079957377642,
      21.07810508787103,
      18.27526893268834,
      15.472928844472413,
      13.641097835241592
    ],
    "zcr_mean": 0.04760219029017857,
    "zcr_std": 0.020874073771957716,
    "mfcc_mean": [
      -235.35736083984375,
      37.488067626953125,
      -12.819247245788574,
      11.01032543182373,
      -2.214275360107422,
      -3.766075849533081,
      -2.442519426345825,
      -7.948484420776367,
      -3.0808448791503906,
      -7.545719623565674,
      -5.693177223205566,
      -6.332374095916748,
      -8.46063232421875
    ],
    "mfcc_std": [
      126.32849884033203,
      10.888322830200195,
      15.63083267211914,
      6.535582065582275,
      4.23797082901001,
      3.1873714923858643,
      2.537479877471924,
      4.259276866912842,
      2.725328207015991,
      3.7505075931549072,
      2.6676337718963623,
      3.353585958480835,
      3.5944087505340576
    ]
  },
  "energy": {
    "mean": 0.088196,
    "std": 0.04674,
    "dynamic_range_db": 80.0
  },
  "speaking_rate": {
    "syllables_per_sec": 2.315,
    "n_onsets": 15,
    "pause_ratio": 0.15
  },
  "timbre": {
    "hnr_mean_db": 20.7959,
    "jitter": 0.00325,
    "shimmer": 0.550132,
    "spectral_flux_mean": 0.961237
  }
}